id,book
300,The Kite Runner
48,To Kill a Mockingbird
198,The Catcher in the Rye
210,The Great Gatsby
53,"Harry Potter and the Sorcerer's Stone (Harry Potter, #1)"
270,1984
499,"The Da Vinci Code (Robert Langdon, #2)"
27,"Harry Potter and the Prisoner of Azkaban (Harry Potter, #3)"
71,Pride and Prejudice
389,"Harry Potter and the Goblet of Fire (Harry Potter, #4)"
572,Memoirs of a Geisha
1381,Slaughterhouse-Five
290,The Adventures of Huckleberry Finn
402,Life of Pi
5,"The Hunger Games (The Hunger Games, #1)"
1168,Middlesex
112,"Harry Potter and the Order of the Phoenix (Harry Potter, #5)"
307,"Harry Potter and the Half-Blood Prince (Harry Potter, #6)"
336,Lord of the Flies
424,Of Mice and Men
441,"Harry Potter and the Chamber of Secrets (Harry Potter, #2)"
409,The Alchemist
478,The Time Traveler's Wife
565,Me Talk Pretty One Day
606,The Curious Incident of the Dog in the Night-Time
448,"Ender's Game (Ender's Saga, #1)"
1322,Animal Farm
365,The Tipping Point: How Little Things Can Make a Big Difference
321,One Hundred Years of Solitude
355,"Catching Fire (The Hunger Games, #2)"
2114,The Lovely Bones
25,"The Girl with the Dragon Tattoo (Millennium, #1)"
394,"Harry Potter and the Deathly Hallows (Harry Potter, #7)"
31,"Mockingjay (The Hunger Games, #3)"
1347,Brave New World
965,The Help
902,"Twilight (Twilight, #1)"
1226,Gone Girl
1267,Water for Elephants
500,Jane Eyre
2319,The Secret Life of Bees
29,Freakonomics: A Rogue Economist Explores the Hidden Side of Everything
212,The Grapes of Wrath
728,Lolita
131,Fahrenheit 451
1500,Love in the Time of Cholera
1587,A Confederacy of Dunces
414,A Thousand Splendid Suns
98,Where the Sidewalk Ends
563,"Eat, Pray, Love"
1070,The Red Tent
1124,A Prayer for Owen Meany
1202,Bel Canto
23,"Angels & Demons (Robert Langdon, #1)"
2782,A Heartbreaking Work of Staggering Genius
1240,The Glass Castle
158,"The Hobbit, or There and Back Again"
286,On the Road
3686,The Amazing Adventures of Kavalier & Clay
382,Blink: The Power of Thinking Without Thinking
386,The Fountainhead
1212,The Road
1270,Crime and Punishment
3926,"The Handmaid's Tale (The Handmaid's Tale, #1)"
252,The Odyssey
1196,"The Giver (The Giver, #1)"
1307,The Book Thief
2377,The Namesake
3425,Wuthering Heights
349,All the Light We Cannot See
371,The Sun Also Rises
2507,The Girl on the Train
3399,Atonement
3411,The Poisonwood Bible
4081,"New Moon (Twilight, #2)"
113,"The Girl Who Played with Fire (Millennium, #2)"
177,"The Hitchhiker's Guide to the Galaxy (Hitchhiker's Guide to the Galaxy, #1)"
275,Outliers: The Story of Success
623,"The Shadow of the Wind (The Cemetery of Forgotten Books, #1)"
1039,"Night (The Night Trilogy, #1)"
1143,Anna Karenina
2804,Breakfast of Champions
359,The Diary of a Young Girl
833,Hamlet
1530,The Old Man and the Sea
1612,The Omnivore's Dilemma: A Natural History of Four Meals
2243,Naked
4066,"Eclipse (Twilight, #3)"
4210,Dress Your Family in Corduroy and Denim
248,Heart of Darkness
360,Romeo and Juliet
586,The Joy Luck Club
4680,In Cold Blood
80,Frankenstein
154,"The Pillars of the Earth (Kingsbridge, #1)"
564,Gone with the Wind
786,Macbeth
1002,The Brief Wondrous Life of Oscar Wao
2765,The Corrections
4,"Ready Player One (Ready Player One, #1)"
88,The Scarlet Letter
95,"Where'd You Go, Bernadette"
276,Great Expectations
473,The Firm
503,"A Game of Thrones (A Song of Ice and Fire, #1)"
554,The Wind-Up Bird Chronicle
3432,Beloved
231,Station Eleven
263,Catch-22
404,A Visit from the Goon Squad
471,"The Fellowship of the Ring (The Lord of the Rings, #1)"
1174,The Devil in the White City
1230,The Fault in Our Stars
4064,"Breaking Dawn (Twilight, #4)"
55,The Giving Tree
292,"A Wrinkle in Time (Time Quintet, #1)"
346,"Charlie and the Chocolate Factory (Charlie Bucket, #1)"
435,The Secret Garden
560,A Tree Grows in Brooklyn
624,The Metamorphosis
860,The Unbearable Lightness of Being
2381,Everything Is Illuminated
156,James and the Giant Peach
573,The Secret History
737,One Flew Over the Cuckoo's Nest
1001,The Picture of Dorian Gray
1173,The Memory Keeper's Daughter
2214,A Tale of Two Cities
2372,Interpreter of Maladies
3403,Never Let Me Go
176,Bossypants
316,The Little Prince
366,Charlotte's Web
384,Sense and Sensibility
479,My Sister's Keeper
782,Running with Scissors
1293,The World According to Garp
2070,The Goldfinch
2385,High Fidelity
3937,"Divergent (Divergent, #1)"
43,"The Golden Compass (His Dark Materials, #1)"
159,J.R.R. Tolkien 4-Book Boxed Set: The Hobbit and The Lord of the Rings
241,Into Thin Air: A Personal Account of the Mount Everest Disaster
376,"The Lion, the Witch and the Wardrobe (Chronicles of Narnia, #1)"
401,The Martian
501,"The Girl Who Kicked the Hornet's Nest (Millennium, #3)"
1009,The Bell Jar
1221,Atlas Shrugged
1302,Divine Secrets of the Ya-Ya Sisterhood
2380,Extremely Loud & Incredibly Close
2926,Cat's Cradle
4176,Rebecca
150,Into the Wild
877,Freedom
1246,Fast Food Nation: The Dark Side of the All-American Meal
74,"A Clash of Kings (A Song of Ice and Fire, #2)"
430,The Count of Monte Cristo
687,White Teeth
1177,"Guns, Germs, and Steel: The Fates of Human Societies"
1260,The Guernsey Literary and Potato Peel Pie Society
1282,The Art of Racing in the Rain
1305,Tuesdays with Morrie
1563,Kitchen Confidential: Adventures in the Culinary Underbelly
3934,Little Women
269,"The Ultimate Hitchhiker's Guide: Five Complete Novels and One Story (Hitchhiker's Guide to the Galaxy, #1-5)"
1046,The Cider House Rules
2880,A Million Little Pieces
4317,Little Fires Everywhere
2,Siddhartha
119,Their Eyes Were Watching God
396,Matilda
4443,The Immortal Life of Henrietta Lacks
51,The Chronicles of Narnia: Including an Essay on Writing by C.S. Lewis
61,Where the Red Fern Grows
190,Snow Crash
207,"Anne of Green Gables (Anne of Green Gables, #1)"
553,"Me Before You (Me Before You, #1)"
673,East of Eden
945,A Farewell to Arms
1122,Bridge to Terabithia
1169,Three Cups of Tea: One Man's Mission to Promote Peace ... One School at a Time
1208,Big Little Lies
1431,Girl with a Pearl Earring
2071,State of Wonder
2080,She's Come Undone
2167,Emma
2370,Franny and Zooey
3036,Watchmen
115,Where the Wild Things Are
261,Educated
657,Persuasion
809,The Virgin Suicides
1022,The Phantom Tollbooth
1571,"Things Fall Apart (The African Trilogy, #1)"
2766,World War Z: An Oral History of the Zombie War
2843,"Outlander (Outlander, #1)"
2867,"The Devil Wears Prada (The Devil Wears Prada, #1)"
2923,Under the Banner of Heaven
5354,Prep
78,Fear and Loathing in Las Vegas
221,The Handmaid's Tale
259,"The Lord of the Rings (The Lord of the Rings, #1-3)"
442,The Da Vinci Code
1283,"In the Woods (Dublin Murder Squad, #1)"
2110,Beautiful Ruins
2292,Wild: From Lost to Found on the Pacific Crest Trail
3438,The Husband's Secret
3883,White Noise
5020,The Night Circus
6473,The Nightingale
148,"Neverwhere (London Below, #1)"
209,Steve Jobs
314,The Underground Railroad
411,Cloud Atlas
493,"Catch-22 (Catch-22, #1)"
1170,Sarah's Key
1579,Norwegian Wood
2088,Little Bee
2285,Eleanor Oliphant Is Completely Fine
2376,Empire Falls
2480,"American Gods (American Gods, #1)"
2587,"Wicked: The Life and Times of the Wicked Witch of the West (The Wicked Years, #1)"
3402,The Art of Fielding
3458,Snow Flower and the Secret Fan
4139,The Yiddish Policemen's Union
4262,Eleanor & Park
103,"A Storm of Swords (A Song of Ice and Fire, #3)"
121,The Iliad
240,A Midsummer Night's Dream
245,"A Feast for Crows (A Song of Ice and Fire, #4)"
562,The Adventures of Tom Sawyer
709,Flowers for Algernon
820,Like Water for Chocolate
1090,The Color Purple
1184,"Zen and the Art of Motorcycle Maintenance: An Inquiry Into Values (Phaedrus, #1)"
2035,Room
2083,Where the Crawdads Sing
2132,Nickel and Dimed: On (Not) Getting by in America
2773,Kafka on the Shore
3468,The Five People You Meet in Heaven
3724,"The Other Boleyn Girl (The Plantagenet and Tudor Novels, #9)"
3936,"Insurgent (Divergent, #2)"
4873,Sharp Objects
168,"Speaker for the Dead (Ender's Saga, #2)"
195,"The Power of One (The Power of One, #1)"
272,"The Two Towers (The Lord of the Rings, #2)"
616,The Marriage Plot
1047,The Awakening
1080,Nine Stories
1123,The House of the Spirits
1163,Cutting for Stone
2368,On Beauty
2417,The Stranger
4164,The Plot Against America
4557,A Portrait of the Artist as a Young Man
4733,"Good in Bed (Cannie Shapiro, #1)"
18,A Short History of Nearly Everything
24,"The Return of the King (The Lord of the Rings, #3)"
42,The BFG
182,"The Big Sleep (Philip Marlowe, #1)"
1057,The Girls' Guide to Hunting and Fishing
1166,The History of Love
1197,The God of Small Things
1201,The Shining
2067,Is Everyone Hanging Out Without Me?
2098,Everything I Never Told You
2248,Moneyball: The Art of Winning an Unfair Game
2317,The Thirteenth Tale
2373,The Brothers Karamazov
2966,The Crucible
3642,About a Boy
4208,What Alice Forgot
4320,"Bridget Jones's Diary (Bridget Jones, #1)"
4668,Americanah
4887,Cold Mountain
5473,The Year of Magical Thinking
5588,Dracula
94,Stranger in a Strange Land
412,Perfume: The Story of a Murderer
497,One Day
521,"The Good Earth (House of Earth, #1)"
862,"Little Women (Little Women, #1)"
906,The Canterbury Tales
927,The Prophet
1436,The Crying of Lot 49
1575,A Moveable Feast
4734,White Oleander
4765,The Interestings
5015,"The Andromeda Strain (Andromeda, #1)"
56,The Remains of the Day
171,The Orphan Master's Son
178,Cryptonomicon
196,"Jurassic Park (Parque JurÃ¡sico, #1)"
353,Sapiens: A Brief History of Humankind
492,"Dune (Dune Chronicles, #1)"
577,Candide
881,"The Bean Trees (Greer Family, #1)"
887,Tuck Everlasting
1027,A Light in the Attic
1104,A Separate Peace
1264,Between the World and Me
1474,Song of Solomon
2212,"The Rosie Project (Don Tillman, #1)"
2277,"Something Borrowed (Darcy & Rachel, #1)"
2300,Loving Frank
2343,"Angela's Ashes (Frank McCourt, #1)"
2363,Marley and Me: Life and Love With the World's Worst Dog
2511,The Shipping News
2750,Then We Came to the End
3243,"Foundation (Foundation, #1)"
3727,The Light Between Oceans
3933,And Then There Were None
4023,Invisible Man
4251,The Client
4388,What Is the What
4722,"Allegiant (Divergent, #3)"
4735,"American Pastoral (The American Trilogy, #1)"
5038,Mrs. Dalloway
6058,The Fortress of Solitude
139,"Neuromancer (Sprawl, #1)"
152,"Crazy Rich Asians (Crazy Rich Asians, #1)"
153,"Unbroken: A World War II Story of Survival, Resilience and Redemption"
295,"The Lost Symbol (Robert Langdon, #3)"
329,The Life-Changing Magic of Tidying Up: The Japanese Art of Decluttering and Organizing
361,"The Subtle Knife (His Dark Materials, #2)"
385,"A Time to Kill (Jake Brigance, #1)"
755,The Tempest
784,Alice's Adventures in Wonderland & Through the Looking-Glass
796,"I Know Why the Caged Bird Sings (Maya Angelou's Autobiography, #1)"
823,The Sound and the Fury
875,Much Ado About Nothing
1043,A Room with a View
1045,Reading Lolita in Tehran: A Memoir in Books
1108,Dubliners
2678,The Paris Wife
2690,A Man Called Ove
2906,The Pearl
3473,Midnight's Children
3761,Even Cowgirls Get the Blues
4261,A Christmas Carol
4574,"Miss Peregrine's Home for Peculiar Children (Miss Peregrine's Peculiar Children, #1)"
4989,The Ocean at the End of the Lane
58,"A Dance with Dragons (A Song of Ice and Fire, #5)"
77,"In the Garden of Beasts: Love, Terror, and an American Family in Hitler's Berlin"
185,The Big Short: Inside the Doomsday Machine
235,The Call of the Wild
328,"The Three Musketeers (The D'Artagnan Romances, #1)"
370,Green Eggs and Ham
482,Fight Club
498,A Clockwork Orange
504,Othello
566,Les MisÃ©rables
569,The Witches
717,Death of a Salesman
761,Rules of Civility
977,From the Mixed-Up Files of Mrs. Basil E. Frankweiler
983,The Outsiders
1036,A Little Princess
1172,The Known World
1249,"The Magicians (The Magicians, #1)"
1519,Blindness
2461,"A Discovery of Witches (All Souls Trilogy, #1)"
2523,Hillbilly Elegy: A Memoir of a Family and Culture in Crisis
2771,Motherless Brooklyn
2908,GalÃ¡pagos
3212,"Good Omens: The Nice and Accurate Prophecies of Agnes Nutter, Witch"
3649,"The Cuckoo's Calling (Cormoran Strike, #1)"
3763,Jitterbug Perfume
4142,Jonathan Strange & Mr Norrell
4553,11/22/63
4821,Orphan Train
5029,The Nest
5115,Stiff: The Curious Lives of Human Cadavers
5350,The Audacity of Hope: Thoughts on Reclaiming the American Dream
5557,American Psycho
6499,"The Notebook (The Notebook, #1)"
10760,Wonder Boys
100,Dark Matter
128,As I Lay Dying
162,"Born to Run: A Hidden Tribe, Superathletes, and the Greatest Race the World Has Never Seen"
164,Island of the Blue Dolphins
175,Born Standing Up: A Comic's Life
186,Stardust
602,Mansfield Park
706,Goodnight Moon
753,The Thorn Birds
831,Madame Bovary
919,The Hours
940,"Jurassic Park (Jurassic Park, #1)"
1071,When Breath Becomes Air
1129,King Lear
1180,Collapse: How Societies Choose to Fail or Succeed
1181,"Oryx and Crake (MaddAddam, #1)"
1824,America (The Book): A Citizen's Guide to Democracy Inaction
2119,A People's History of the United States
2229,Circe
2360,The Storied Life of A.J. Fikry
2407,"Maus I: A Survivor's Tale: My Father Bleeds History (Maus, #1)"
2748,In Defense of Food: An Eater's Manifesto
2862,Normal People
2892,"Voyager (Outlander, #3)"
2893,"Dragonfly in Amber (Outlander, #2)"
2924,A Walk in the Woods: Rediscovering America on the Appalachian Trail
2974,"Wizard and Glass (The Dark Tower, #4)"
3034,Julius Caesar
3364,"Interview with the Vampire (The Vampire Chronicles, #1)"
3380,War and Peace
3401,The Elegance of the Hedgehog
3667,Bridget Jones's Diary
3902,Still Life with Woodpecker
4405,The Historian
4462,The Pilot's Wife
4634,We Were Liars
5034,"Mr. Penumbra's 24-Hour Bookstore (Mr. Penumbra's 24-Hour Bookstore, #1)"
5102,Dark Places
5246,Holidays on Ice
5352,Welcome to the Monkey House
6500,The Shack
12,The Name of the Rose
145,"Watership Down (Watership Down, #1)"
216,"Hatchet (Brian's Saga, #1)"
338,Open
507,Oliver Twist
517,Getting Things Done: The Art of Stress-Free Productivity
925,The No. 1 Ladies' Detective Agency (No. 1 Ladies' Detective Agency #1)
942,Breakfast at Tiffany's
1061,Animal Dreams
1118,Misery
1119,"The Clan of the Cave Bear (Earth's Children, #1)"
1437,Less Than Zero
2087,The Color of Water: A Black Man's Tribute to His White Mother
2113,"Lean In: Women, Work, and the Will to Lead"
2323,Hotel on the Corner of Bitter and Sweet
2401,"Maus II: A Survivor's Tale: And Here My Troubles Began (Maus, #2)"
2519,A Gentleman in Moscow
2726,"The Name of the Wind (The Kingkiller Chronicle, #1)"
2874,Her Fearful Symmetry
2902,Dreams from My Father: A Story of Race and Inheritance
3248,"The Drawing of the Three (The Dark Tower, #2)"
3426,Year of Wonders
3528,A Long Way Gone: Memoirs of a Boy Soldier
3638,How to Be Good
3863,Zeitoun
3904,The Sense of an Ending
3954,The Reader
4172,A Fine Balance
4653,We Are All Completely Beside Ourselves
4684,A Widow for One Year
4686,In Her Shoes
4856,The Language of Flowers
5047,Tell the Wolves I'm Home
5635,The Perks of Being a Wallflower
5919,"Wonder (Wonder, #1)"
6463,Paper Towns
6711,Luckiest Girl Alive
7281,The Sirens of Titan
7891,Wicked: The Life and Times of the Wicked Witch of the West
57,The Circle
143,Starship Troopers
213,Congo
283,"Hyperion (Hyperion Cantos, #1)"
288,The Lost World (Jurassic Park #2)
381,Suite FranÃ§aise
440,The Sisters Brothers
488,All Quiet on the Western Front
611,Carrie
667,And the Mountains Echoed
832,Robinson Crusoe
848,"Harry Potter Collection (Harry Potter, #1-6)"
998,My Life in France
1136,To the Lighthouse
1287,Disgrace
1317,"The Chronicles of Narnia (Chronicles of Narnia, #1-7)"
1335,Good to Great: Why Some Companies Make the Leap... and Others Don't
1354,Ulysses
1428,It
1852,"Sex, Drugs, and Cocoa Puffs: A Low Culture Manifesto"
2075,Skinny Legs and All
2092,On Writing: A Memoir of the Craft
2097,Tiny Beautiful Things: Advice on Love and Life from Dear Sugar
2256,Still Alice
2294,Major Pettigrew's Last Stand
2351,The Patron Saint of Liars
2362,"My Ãntonia (Great Plains Trilogy, #3)"
2369,The Magician's Assistant
2423,The Princess Bride
2462,"Do Androids Dream of Electric Sheep? (Blade Runner, #1)"
2617,The Last Lecture
2665,The Tiger's Wife
2797,The Things They Carried
2800,Angle of Repose
2812,"Drums of Autumn (Outlander, #4)"
2854,"Fifty Shades of Grey (Fifty Shades, #1)"
2878,"The Fiery Cross (Outlander, #5)"
2910,"God Bless You, Mr. Rosewater"
3237,Foundation and Empire (Foundation #2)
3274,"Charlie and the Great Glass Elevator (Charlie Bucket, #2)"
3753,I Know This Much Is True
4061,Prodigal Summer
4105,Geek Love
4175,American Wife
4188,Fangirl
4215,The House of Mirth
4219,Landline
4236,The Age of Innocence
4238,The Rainmaker
4360,Midnight in the Garden of Good and Evil
4456,Where the Heart Is
4524,"Life After Life (Todd Family, #1)"
4550,A Thousand Acres
4617,Little Children
4649,This is Where I Leave You
4773,Fates and Furies
6855,"Something Blue (Darcy & Rachel, #2)"
7101,Yes Please
7360,Pachinko
10404,"The Passage (The Passage, #1)"
123,Microserfs
220,Treasure Island
437,Digital Fortress
591,"Eats, Shoots & Leaves: The Zero Tolerance Approach to Punctuation"
593,Paradise Lost
763,Gulliver's Travels
995,"Are You There God? It's Me, Margaret"
1078,"The Nanny Diaries (Nanny, #1)"
1206,"The Likeness (Dublin Murder Squad, #2)"
1232,People of the Book
1261,Foucault's Pendulum
1289,The World Is Flat: A Brief History of the Twenty-first Century
1582,The God Delusion
1605,Predictably Irrational: The Hidden Forces That Shape Our Decisions
1616,Timeline
2028,Commonwealth
2166,The Lorax
2176,Tender is the Night
2296,The Woman in Cabin 10
2326,The Woman in the Window
2495,The Bonfire of the Vanities
2591,Saturday
2729,No Country for Old Men
2856,"After You (Me Before You, #2)"
2991,"Wolves of the Calla (The Dark Tower, #5)"
3104,The Gunslinger
3206,Cannery Row
3881,The Stand
4122,The Trial
4178,The Inheritance of Loss
4185,Shanghai Girls (Shanghai Girls #1)
4254,Ethan Frome
4255,Nine Perfect Strangers
4445,A Long Way Down
4560,Midwives
4589,Twelfth Night
4651,The Turn of the Screw
4751,"The Human Stain (The American Trilogy, #3)"
4783,"The Hate U Give (The Hate U Give, #1)"
4847,The Bluest Eye
4886,Case Histories (Jackson Brodie #1)
4938,The Graveyard Book
4940,The Girls
4963,Shutter Island
5002,Nineteen Minutes
5328,My Horizontal Life: A Collection of One-Night Stands
5698,The Velveteen Rabbit
6751,"Confessions of a Shopaholic (Shopaholic, #1)"
9812,Looking for Alaska
60,The Godfather
76,"The Amber Spyglass (His Dark Materials, #3)"
130,"The Bourne Identity (Jason Bourne, #1)"
277,The 4-Hour Workweek
285,"China Rich Girlfriend (Crazy Rich Asians, #2)"
308,"Xenocide (Ender's Saga, #3)"
325,Deception Point
369,Lonesome Dove
454,"Surely You're Joking, Mr. Feynman!: Adventures of a Curious Character"
723,The Elements of Style
750,Alice in Wonderland
808,Man's Search for Meaning
830,"Little House in the Big Woods (Little House, #1)"
839,Howards End
1004,Fried Green Tomatoes at the Whistle Stop Cafe
1074,Pippi Longstocking
1234,"Annihilation (Southern Reach, #1)"
1291,"Ishmael: An Adventure of the Mind and Spirit (Ishmael, #1)"
1306,"The Alienist (Dr. Laszlo Kreizler, #1)"
1310,The White Tiger
1333,Stumbling on Happiness
1341,Infinite Jest
1433,Where The Wild Things Are
1487,The Emperor's Children
1962,Liar's Poker
2063,"The Devil in the White City: Murder, Magic, and Madness at the Fair That Changed America"
2172,"Murder on the Orient Express (Hercule Poirot, #10)"
2339,"Mountains Beyond Mountains: The Quest of Dr. Paul Farmer, a Man Who Would Cure the World"
2391,"Oh, the Places You'll Go!"
2807,Special Topics in Calamity Physics
2871,"A Breath of Snow and Ashes (Outlander, #6)"
2909,Hocus Pocus
2913,Shopgirl
3123,"The Eye of the World (The Wheel of Time, #1)"
3228,"The Waste Lands (The Dark Tower, #3)"
3235,Hard-Boiled Wonderland and the End of the World
3279,"Old Man's War (Old Man's War, #1)"
3818,Lincoln in the Bardo
4006,The Queen's Fool
4179,"Dead Until Dark (Sookie Stackhouse, #1)"
4203,The Bridges of Madison County
4211,The Chamber
4218,The Blind Assassin
4305,The Dutch House
4357,The Heart Is a Lonely Hunter
4437,The Story of Edgar Sawtelle
4611,Truly Madly Guilty
4690,The Westing Game
4713,Homegoing
4802,Faithful Place (Dublin Murder Squad #3)
4970,Reconstructing Amelia
5019,Night Film
5144,The Absolutely True Diary of a Part-Time Indian
5186,The Silmarillion
5391,Jonathan Livingston Seagull
5434,Tenth of December
5765,Thirteen Reasons Why
6114,The Man in the High Castle
6428,Barrel Fever: Stories and Essays
6475,The Great Alone
6801,The Vacationers
6893,Baby Proof
6910,The Great Believers
7076,Becoming
7519,Kurt Vonnegut's Cat's Cradle
8246,The Signature of All Things
8353,Bee Season
8708,Summer Sisters
9518,"Holes (Holes, #1)"
12052,When You Are Engulfed in Flames
14571,The Kitchen House
134,Artemis
184,It's Not about the Bike: My Journey Back to Life
200,His Dark Materials (His Dark Materials #1-3)
291,"World Without End (Kingsbridge, #2)"
327,The Tale of Peter Rabbit
395,The Adventures of Sherlock Holmes
477,"Harry Potter Series Box Set (Harry Potter, #1-7)"
579,Amsterdam
768,The Taming of the Shrew
828,I Capture the Castle
884,"Mrs. Frisby and the Rats of NIMH (Rats of NIMH, #1)"
917,The Prince
974,"Cry, the Beloved Country"
1083,A Connecticut Yankee in King Arthur's Court
1183,Influence: The Psychology of Persuasion
1227,"The Eyre Affair (Thursday Next, #1)"
1304,"If I Stay (If I Stay, #1)"
1346,Ready Player One
1361,Revolutionary Road
1376,Lush Life
1426,A Streetcar Named Desire
1492,The Time Machine
1557,I am Charlotte Simmons
1615,Prey
2044,An American Marriage
2079,Fleishman Is in Trouble
2202,This Side of Paradise
2442,Einstein's Dreams
2555,"Quicksilver (The Baroque Cycle, #1)"
2599,The Invention of Wings
2630,"The Wise Man's Fear (The Kingkiller Chronicle, #2)"
2634,Let the Great World Spin
2649,City of Thieves
2711,"Anansi Boys (American Gods, #2)"
2853,In a Sunburned Country
3187,"Gilead (Gilead, #1)"
3193,The Prince of Tides
3217,"Blood Meridian, or the Evening Redness in the West"
3255,Second Foundation (Foundation #3)
3257,"The Dark Tower (The Dark Tower, #7)"
3318,Bird by Bird: Some Instructions on Writing and Life
3465,A Man Without a Country
3683,"The Angel's Game (The Cemetery of Forgotten Books, #2)"
3853,Pale Fire
3858,Gravity's Rainbow
3900,'Salem's Lot
3903,Choke
3920,"Song of Susannah (The Dark Tower, #6)"
3991,The Kitchen God's Wife
3998,Number the Stars
4183,We Need to Talk About Kevin
4256,House of Sand and Fog
4260,Attachments
4316,Let's Pretend This Never Happened: A Mostly True Memoir
4361,Netherland
4484,"The Sparrow (The Sparrow, #1)"
4643,We Were the Mulvaneys
4647,"The Sweetness at the Bottom of the Pie (Flavia de Luce, #1)"
4725,"Along Came a Spider (Alex Cross, #1)"
4736,"The Silkworm (Cormoran Strike, #2)"
4760,The Hotel New Hampshire
4761,Pigs in Heaven
4764,"Blood, Bones, and Butter: The Inadvertent Education of a Reluctant Chef"
4981,Sula
4993,Native Son
5003,The Mysteries of Pittsburgh
5007,The Monsters of Templeton
5068,The Particular Sadness of Lemon Cake
5072,The Pelican Brief
5404,Manhattan Beach
5604,Bag of Bones
5623,"Eragon (The Inheritance Cycle, #1)"
5674,"The Host (The Host, #1)"
5759,We Wish to Inform You That Tomorrow We Will Be Killed with Our Families
5783,"Fifty Shades Darker (Fifty Shades, #2)"
6457,Before We Were Yours
6796,The Silent Patient
7430,The Satanic Verses
7631,There There
8048,Anthem
8052,The Jungle
8190,Wolf Hall
8588,The Round House
9782,Plain Truth
10017,"One for the Money (Stephanie Plum, #1)"
11095,"A Wild Sheep Chase (The Rat, #3)"
122,"Red Mars (Mars Trilogy, #1)"
126,"The Celestine Prophecy (Celestine Prophecy, #1)"
302,Rising Sun
310,"Behind the Beautiful Forevers: Life, Death, and Hope in a Mumbai Undercity"
427,A Brief History of Time
433,Seveneves
495,"Firefly Lane (Firefly Lane, #1)"
527,The Selfish Gene
571,The Witch of Blackbird Pond
578,The Martian Chronicles
738,The Diary of Anne Frank
850,A Year in Provence
976,The Blind Side: Evolution of a Game
1094,This Boy's Life
1146,Brideshead Revisited
1255,"Mr. Mercedes (Bill Hodges Trilogy, #1)"
1332,"Rendezvous with Rama (Rama, #1)"
1515,Watership Down
1553,"The Killer Angels (The Civil War Trilogy, #2)"
1573,You Shall Know Our Velocity!
1586,Confessions of an Economic Hit Man
1601,"Dirk Gently's Holistic Detective Agency (Dirk Gently, #1)"
1602,"The Ultimate Hitchhiker's Guide to the Galaxy (Hitchhiker's Guide to the Galaxy, #1-5)"
1645,The Lean Startup: How Today's Entrepreneurs Use Continuous Innovation to Create Radically Successful Businesses
1682,SphÃ¨re
1812,Chuck Klosterman IV: A Decade of Curious People and Dangerous Ideas
2051,City of Girls
2055,Truth and Beauty
2091,Exit West
2168,"GÃ¶del, Escher, Bach: An Eternal Golden Braid"
2183,"The Wonderful Wizard of Oz (Oz, #1)"
2191,Less
2322,Infidel
2395,Don Quixote
2596,"Red Rising (Red Rising Saga, #1)"
2643,Seabiscuit: An American Legend
2703,David Copperfield
2819,Tropic of Cancer
2831,Daisy Jones & The Six
2842,Howl and Other Poems
2852,"City of Bones (The Mortal Instruments, #1)"
2882,"An Echo in the Bone (Outlander, #7)"
2915,The Hobbit
2962,Let's Explore Diabetes with Owls
2969,Housekeeping
3201,Mother Night
3400,Three Junes
3647,Bridget Jones: The Edge Of Reason (Bridget Jones #2)
3678,The Hound of the Baskervilles
3765,Redshirts
3875,Ubik
3885,American Gods
3993,The Forgotten Garden
4010,Snow Falling on Cedars
4118,"Bright Lights, Big City"
4200,The Beach House
4277,Three Wishes
4318,"The Unlikely Pilgrimage of Harold Fry (Harold Fry, #1)"
4335,The Little Friend
4365,Middlemarch
4387,"Labyrinth (Languedoc, #1)"
4396,"Animal, Vegetable, Miracle: A Year of Food Life"
4410,The Lacuna
4588,"Little House on the Prairie (Little House, #3)"
4608,Watchers
4618,Little Earthquakes
4623,"Inferno (Robert Langdon, #4)"
4675,"The Secret Place (Dublin Murder Squad, #5)"
4752,The House on Mango Street
4786,Brain on Fire: My Month of Madness
4931,Ragtime
4982,Different Seasons
5052,Tess of the D'Urbervilles
5120,"Still Life (Chief Inspector Armand Gamache, #1)"
5175,"The Mists of Avalon (Avalon, #1)"
5412,Lunar Park
5451,The Rules of Attraction
5496,Rosencrantz and Guildenstern Are Dead
5511,Pet Sematary
5572,Glamorama
5600,Born a Crime: Stories From a South African Childhood
5657,"Red Dragon (Hannibal Lecter, #1)"
5684,Valley of the Dolls
5717,When You Reach Me
5778,"Fifty Shades Freed (Fifty Shades, #3)"
6126,A Scanner Darkly
6750,I'll Give You the Sun
6769,"Shopaholic Ties the Knot (Shopaholic, #3)"
6792,Love the One You're With
6808,The Seven Husbands of Evelyn Hugo
7011,"The Devil in the White City: Murder, Magic and Madness at the Fair that Changed America"
7173,"The Maze Runner (The Maze Runner, #1)"
7357,"Olive Kitteridge (Olive Kitteridge, #1)"
8243,Why Not Me?
8290,"Shadow of Night (All Souls Trilogy, #2)"
8996,The Magus
9981,"The Lightning Thief (Percy Jackson and the Olympians, #1)"
10201,"Storm Front (The Dresden Files, #1)"
10562,The Hot Zone: The Terrifying True Story of the Origins of the Ebola Virus
10715,The Rum Diary
129,The Hard Thing About Hard Things: Building a Business When There Are No Easy Answers
144,My Life
251,Corelli's Mandolin
254,An Unquiet Mind: A Memoir of Moods and Madness
271,The Design of Everyday Things
279,1776
296,The Very Hungry Caterpillar
341,Airframe
408,"Winnie-the-Pooh (Winnie-the-Pooh, #1)"
445,Dead Wake: The Last Crossing of the Lusitania
469,"Rich Dad, Poor Dad"
505,"Postmortem (Kay Scarpetta, #1)"
629,A Handful of Dust
752,The Left Hand of Darkness (Hainish Cycle #4)
845,The English Patient
863,Black Beauty
868,The Stone Diaries
953,My Brilliant Friend
984,Assassination Vacation
1093,Angela's Ashes
1171,The Song of Achilles
1188,Flow: The Psychology of Optimal Experience
1222,"Perdido Street Station (New Crobuzon, #1)"
1349,The Subtle Art of Not Giving a F*ck: A Counterintuitive Approach to Living a Good Life
1353,All the King's Men
1412,Moby-Dick
1518,The Invisible Man
1552,The Quiet American
1561,The War of the Worlds
1566,Snow
1613,State of Fear
1673,Disclosure
1698,The 7 Habits of Highly Effective People: Powerful Lessons in Personal Change
2036,The Haunting of Hill House
2059,"Maybe You Should Talk to Someone: A Therapist, Her Therapist, and Our Lives Revealed"
2073,The Dinner
2141,How the Grinch Stole Christmas!
2237,Tender at the Bone: Growing Up at the Table
2327,"Julie and Julia: 365 Days, 524 Recipes, 1 Tiny Apartment Kitchen"
2439,Leaves of Grass
2450,Getting to Yes: Negotiating Agreement Without Giving In
2463,A Man in Full
2542,"Altered Carbon (Takeshi Kovacs, #1)"
2556,Just Kids
2559,The Electric Kool-Aid Acid Test
2632,How to Win Friends and Influence People
2702,Code Name Verity
2707,The Imperfectionists
2722,"Last Argument of Kings (The First Law, #3)"
2730,The Alice Network
2833,"The Happiness Project: Or Why I Spent a Year Trying to Sing in the Morning, Clean My Closets, Fight Right, Read Aristotle, and Generally Have More Fun"
3186,The Red Badge of Courage
3250,The Importance of Being Earnest
3254,Black Swan Green
3285,Flatland: A Romance of Many Dimensions
3372,The Hunchback of Notre-Dame
3440,The Idiot
3461,Caleb's Crossing
3519,A Wizard of Earthsea (Earthsea Cycle #1)
3583,Breakfast at Tiffany's: A Short Novel and Three Stories
3685,What I Talk About When I Talk About Running
3723,"Mistress of the Art of Death (Mistress of the Art of Death, #1)"
3736,Quiet: The Power of Introverts in a World That Can't Stop Talking
3967,"The Virgin's Lover (The Plantagenet and Tudor Novels, #13)"
3979,The Secret Keeper
3992,The Valley of Horses
4143,Enduring Love
4144,"The Diamond Age: Or, A Young Lady's Illustrated Primer"
4186,Shantaram
4217,The Hypnotist's Love Story
4223,Drowning Ruth
4258,John Adams
4264,"David and Goliath: Underdogs, Misfits, and the Art of Battling Giants"
4283,In the Unlikely Event
4289,"The Rosie Effect (Don Tillman, #2)"
4314,Circle of Friends
4367,March
4391,The Thousand Autumns of Jacob de Zoet
4428,"Club Dead (Sookie Stackhouse, #3)"
4459,"Living Dead in Dallas (Sookie Stackhouse, #2)"
4492,"Two for the Dough (Stephanie Plum, #2)"
4506,Mere Christianity
4537,"The Year of the Flood (MaddAddam, #2)"
4676,Wide Sargasso Sea
4695,I'll Be Gone in the Dark: One Woman's Obsessive Search for the Golden State Killer
4719,"Maisie Dobbs (Maisie Dobbs, #1)"
4732,"Mary, Mary (Alex Cross, #11)"
4775,The Horse Whisperer
4777,Coraline
4797,The Burgess Boys
4798,Fall on Your Knees
4849,Fierce Invalids Home from Hot Climates
4866,Dolores Claiborne
4921,The Couple Next Door
4926,The Glass Menagerie
4941,"Rabbit, Run (Rabbit Angstrom #1)"
4959,The Fourth Hand
4980,The Jane Austen Book Club
5064,As You Like It
5065,The Partly Cloudy Patriot
5079,"Are You There, Vodka? It's Me, Chelsea"
5134,"Lamb: The Gospel According to Biff, Christ's Childhood Pal"
5226,One Day in the Life of Ivan Denisovich
5282,The Mermaid Chair
5367,The Chosen (Reuven Malther #1)
5530,The Green Mile
5554,"Absalom, Absalom!"
5568,Hearts in Atlantis
5583,Falling Up
5592,Dry
5672,Jemima J
5685,"The Silence of the Lambs (Hannibal Lecter, #2)"
5704,Tara Road
6071,The Sheltering Sky
6468,Small Great Things
6669,A Reliable Wife
6918,"Ask Again, Yes"
7752,The 19th Wife
7859,The Reluctant Fundamentalist
7958,The Plague
8045,"Alexander and the Terrible, Horrible, No Good, Very Bad Day"
8053,The Twits
8499,Go Ask Alice
8860,"Guns, Germs and Steel: The Fates of Human Societies"
9342,Player Piano
9584,Vanishing Acts
9625,Uncle Tom's Cabin
9860,Billy Lynn's Long Halftime Walk
9880,Half Broke Horses
9921,The Pact
10672,Contact
10675,"The Little House Collection (Little House, #1-9)"
10853,The Immortalists
11111,The Master and Margarita
11773,The Dive from Clausen's Pier
11942,Love Walked In (Love Walked In #1)
1,"The Restaurant at the End of the Universe (Hitchhiker's Guide to the Galaxy, #2)"
16,Bad Blood: Secrets and Lies in a Silicon Valley Startup
34,King Leopold's Ghost
40,"Kiss the Girls (Alex Cross, #2)"
44,The Razor's Edge
102,Reamde
160,Sphere
203,The Pragmatic Programmer: From Journeyman to Master
223,Corduroy
225,Gates of Fire
232,Next
280,The Everything Store: Jeff Bezos and the Age of Amazon
287,"Casino Royale (James Bond, #1)"
294,The Fall of Hyperion (Hyperion Cantos #2)
331,Team of Rivals: The Political Genius of Abraham Lincoln
339,"Elon Musk: Tesla, SpaceX, and the Quest for a Fantastic Future"
420,The Merchant of Venice
421,Founders at Work: Stories of Startups' Early Days
439,Astrophysics for People in a Hurry
449,"Rich People Problems (Crazy Rich Asians, #3)"
451,"I, Robot (Robot, #0.1)"
556,The Wind in the Willows
580,If on a Winter's Night a Traveler
668,The Complete Stories
703,"Red Sparrow (Red Sparrow Trilogy, #1)"
713,100 Love Sonnets
745,The End of the Affair
825,For Whom The Bell Tolls
956,Vanity Fair
1018,Invisible Cities
1275,The Dante Club (The Dante Club #1)
1277,The Wangs vs. the World
1301,"The Way of Kings (The Stormlight Archive, #1)"
1309,When Genius Failed: The Rise and Fall of Long-Term Capital Management
1336,Super Sad True Love Story
1342,The Art of War
1471,"The Professor and the Madman: A Tale of Murder, Insanity and the Making of the Oxford English Dictionary"
1527,Waiting for Godot
1580,"Blind Willow, Sleeping Woman"
1614,"Mona Lisa Overdrive (Sprawl, #3)"
1649,The Three-Body Problem (Remembrance of Earthâs Past #1)
